time,model1,model2,model3,model4,model5
2023-10-01 01:00:00+09:00,0.0,0.0,0.0,0.0,0.0
2023-10-01 02:00:00+09:00,0.0,0.0,0.0,0.0,0.0
2023-10-01 03:00:00+09:00,0.0,0.0,0.0,0.0,0.0
2023-10-01 04:00:00+09:00,0.0,0.0,0.0,0.0,0.0
2023-10-01 05:00:00+09:00,0.0,0.0,0.0,0.0,0.0
2023-10-01 06:00:00+09:00,0.0,0.0,0.0,0.0,0.0
2023-10-01 07:00:00+09:00,1.89064,7.56326,0.653136,0.620742,7.38072
2023-10-01 08:00:00+09:00,13.7274,21.4227,12.5498,12.396,17.6249
2023-10-01 09:00:00+09:00,30.1732,40.1229,27.0683,28.4583,37.4798
2023-10-01 10:00:00+09:00,54.33,62.8238,57.3149,71.5407,61.9838
2023-10-01 11:00:00+09:00,70.8062,78.5026,71.2123,85.9205,78.9559
2023-10-01 12:00:00+09:00,74.7213,86.6889,77.4863,91.5831,77.7976
2023-10-01 13:00:00+09:00,74.7782,88.8662,78.2599,91.8836,80.6226
2023-10-01 14:00:00+09:00,75.5855,82.4018,79.5788,80.8371,77.6868
2023-10-01 15:00:00+09:00,67.0489,71.4354,69.8483,63.349,74.4696
2023-10-01 16:00:00+09:00,52.9046,57.0276,51.2107,44.8255,60.9196
2023-10-01 17:00:00+09:00,26.9023,33.3992,26.0337,35.9609,37.5632
2023-10-01 18:00:00+09:00,7.76604,13.6686,8.62937,5.85055,18.5168
2023-10-01 19:00:00+09:00,2.76306,6.23444,0.174386,0.461176,12.1092
2023-10-01 20:00:00+09:00,0.0,0.0,0.0,0.0,0.0
2023-10-01 21:00:00+09:00,0.0,0.0,0.0,0.0,0.0
2023-10-01 22:00:00+09:00,0.0,0.0,0.0,0.0,0.0
2023-10-01 23:00:00+09:00,0.0,0.0,0.0,0.0,0.0
2023-10-02 00:00:00+09:00,0.0,0.0,0.0,0.0,0.0
2023-10-02 01:00:00+09:00,0.0,0.0,0.0,0.0,0.0
2023-10-02 02:00:00+09:00,0.0,0.0,0.0,0.0,0.0
2023-10-02 03:00:00+09:00,0.0,0.0,0.0,0.0,0.0
2023-10-02 04:00:00+09:00,0.0,0.0,0.0,0.0,0.0
2023-10-02 05:00:00+09:00,0.0,0.0,0.0,0.0,0.0
2023-10-02 06:00:00+09:00,0.0,0.0,0.0,0.0,0.0
2023-10-02 07:00:00+09:00,2.79046,4.33633,0.128785,0.0,5.68348
2023-10-02 08:00:00+09:00,11.6809,17.676,10.8484,8.10962,18.3842
2023-10-02 09:00:00+09:00,31.6726,38.2783,27.4815,29.7109,39.2843
2023-10-02 10:00:00+09:00,43.0617,38.5821,24.0313,42.0943,54.3245
2023-10-02 11:00:00+09:00,55.0238,49.6865,38.9835,58.9771,68.9598
2023-10-02 12:00:00+09:00,60.9017,57.65,55.0615,68.5719,75.6165
2023-10-02 13:00:00+09:00,61.2118,57.0596,56.8155,69.8553,79.3668
2023-10-02 14:00:00+09:00,60.1552,50.5034,48.2644,60.7461,76.231
2023-10-02 15:00:00+09:00,51.1622,41.3872,36.19,49.3906,68.0809
2023-10-02 16:00:00+09:00,44.7534,48.1529,47.4329,48.4471,61.7503
2023-10-02 17:00:00+09:00,24.169,30.1622,26.1598,25.5681,37.7597
2023-10-02 18:00:00+09:00,5.43791,12.5453,9.55307,5.02322,20.4346
2023-10-02 19:00:00+09:00,2.3384,6.20819,0.136597,0.827135,14.4635
2023-10-02 20:00:00+09:00,0.0,0.0,0.0,0.0,0.0
2023-10-02 21:00:00+09:00,0.0,0.0,0.0,0.0,0.0
2023-10-02 22:00:00+09:00,0.0,0.0,0.0,0.0,0.0
2023-10-02 23:00:00+09:00,0.0,0.0,0.0,0.0,0.0
2023-10-03 00:00:00+09:00,0.0,0.0,0.0,0.0,0.0
2023-10-03 01:00:00+09:00,0.0,0.0,0.0,0.0,0.0
2023-10-03 02:00:00+09:00,0.0,0.0,0.0,0.0,0.0
2023-10-03 03:00:00+09:00,0.0,0.0,0.0,0.0,0.0
2023-10-03 04:00:00+09:00,0.0,0.0,0.0,0.0,0.0
2023-10-03 05:00:00+09:00,0.0,0.0,0.0,0.0,0.0
2023-10-03 06:00:00+09:00,0.0,0.0,0.0,0.0,0.0
2023-10-03 07:00:00+09:00,2.58223,2.09374,0.121073,0.338904,0.0
2023-10-03 08:00:00+09:00,8.87602,11.0265,7.37745,6.28418,0.0
2023-10-03 09:00:00+09:00,22.5495,20.2113,16.8681,11.6023,15.3222
2023-10-03 10:00:00+09:00,27.3751,23.3044,21.5184,14.3218,37.0773
2023-10-03 11:00:00+09:00,48.8489,38.2498,35.6558,32.4123,60.9742
2023-10-03 12:00:00+09:00,47.0559,41.6853,37.5801,36.4407,65.1991
2023-10-03 13:00:00+09:00,46.6224,40.0944,38.0347,39.1224,68.8009
2023-10-03 14:00:00+09:00,47.5605,52.2294,63.7209,59.7418,62.3207
2023-10-03 15:00:00+09:00,39.9505,47.4125,56.6869,53.0636,55.8313
2023-10-03 16:00:00+09:00,27.845,18.64,16.795,19.446,33.4543
2023-10-03 17:00:00+09:00,18.982,11.8842,12.9114,12.2645,23.4746
2023-10-03 18:00:00+09:00,4.17054,3.68985,4.04178,2.20839,4.01143
2023-10-03 19:00:00+09:00,1.85059,1.80198,0.112148,0.621307,0.0
2023-10-03 20:00:00+09:00,0.0,0.0,0.0,0.0,0.0
2023-10-03 21:00:00+09:00,0.0,0.0,0.0,0.0,0.0
2023-10-03 22:00:00+09:00,0.0,0.0,0.0,0.0,0.0
2023-10-03 23:00:00+09:00,0.0,0.0,0.0,0.0,0.0
2023-10-04 00:00:00+09:00,0.0,0.0,0.0,0.0,0.0
2023-10-04 01:00:00+09:00,0.0,0.0,0.0,0.0,0.0
2023-10-04 02:00:00+09:00,0.0,0.0,0.0,0.0,0.0
2023-10-04 03:00:00+09:00,0.0,0.0,0.0,0.0,0.0
2023-10-04 04:00:00+09:00,0.0,0.0,0.0,0.0,0.0
2023-10-04 05:00:00+09:00,0.0,0.0,0.0,0.0,0.0
2023-10-04 06:00:00+09:00,0.0,0.0,0.0,0.0,0.0
2023-10-04 07:00:00+09:00,2.86977,0.655831,0.278042,1.35219,0.0
2023-10-04 08:00:00+09:00,12.2735,10.859,10.5915,8.39495,0.0
2023-10-04 09:00:00+09:00,29.6114,23.2038,22.4106,25.3468,13.5194
2023-10-04 10:00:00+09:00,43.1971,37.0489,39.9201,42.6257,37.4256
2023-10-04 11:00:00+09:00,54.1036,44.5728,49.0145,52.1595,55.5022
2023-10-04 12:00:00+09:00,56.8507,55.2891,61.3208,63.7789,60.1527
2023-10-04 13:00:00+09:00,54.4153,56.2397,63.4672,63.4706,70.0982
2023-10-04 14:00:00+09:00,52.3748,53.9537,59.3904,61.8203,66.6675
2023-10-04 15:00:00+09:00,37.5077,39.8545,43.7582,47.1451,60.1824
2023-10-04 16:00:00+09:00,30.9228,32.5585,30.5325,35.4106,43.3608
2023-10-04 17:00:00+09:00,18.1976,17.682,17.1254,16.7377,24.9629
2023-10-04 18:00:00+09:00,5.75419,9.84216,6.47024,3.80599,4.99123
2023-10-04 19:00:00+09:00,1.93893,3.98882,0.125756,0.0,0.0
2023-10-04 20:00:00+09:00,0.0,0.0,0.0,0.0,0.0
2023-10-04 21:00:00+09:00,0.0,0.0,0.0,0.0,0.0
2023-10-04 22:00:00+09:00,0.0,0.0,0.0,0.0,0.0
2023-10-04 23:00:00+09:00,0.0,0.0,0.0,0.0,0.0
2023-10-05 00:00:00+09:00,0.0,0.0,0.0,0.0,0.0
2023-10-05 01:00:00+09:00,0.0,0.0,0.0,0.0,0.0
2023-10-05 02:00:00+09:00,0.0,0.0,0.0,0.0,0.0
2023-10-05 03:00:00+09:00,0.0,0.0,0.0,0.0,0.0
2023-10-05 04:00:00+09:00,0.0,0.0,0.0,0.0,0.0
2023-10-05 05:00:00+09:00,0.0,0.0,0.0,0.0,0.0
2023-10-05 06:00:00+09:00,0.0,0.0,0.0,0.0,0.0
2023-10-05 07:00:00+09:00,2.2038,2.95574,0.170729,0.0,27.4857
2023-10-05 08:00:00+09:00,11.4432,14.627,8.79654,5.2414,37.0096
2023-10-05 09:00:00+09:00,31.1477,40.4203,32.3687,24.1755,52.1862
2023-10-05 10:00:00+09:00,58.7538,64.8352,63.1717,55.4554,68.5865
2023-10-05 11:00:00+09:00,74.3181,76.1745,81.888,73.7836,82.1874
2023-10-05 12:00:00+09:00,79.1265,81.7979,88.905,84.5924,85.4302
2023-10-05 13:00:00+09:00,78.5541,82.7619,88.9083,88.4666,86.2305
2023-10-05 14:00:00+09:00,70.1073,74.9433,78.3666,73.8223,81.7243
2023-10-05 15:00:00+09:00,59.4757,64.0198,63.7542,52.5091,74.8452
2023-10-05 16:00:00+09:00,36.0089,43.6191,41.9186,40.0223,61.1114
2023-10-05 17:00:00+09:00,27.3124,28.8636,23.3504,24.3,43.7907
2023-10-05 18:00:00+09:00,6.1468,9.6165,5.75501,6.31778,22.648
2023-10-05 19:00:00+09:00,2.33611,3.054,0.0896685,0.0,12.5937
2023-10-05 20:00:00+09:00,0.0,0.0,0.0,0.0,0.0
2023-10-05 21:00:00+09:00,0.0,0.0,0.0,0.0,0.0
2023-10-05 22:00:00+09:00,0.0,0.0,0.0,0.0,0.0
2023-10-05 23:00:00+09:00,0.0,0.0,0.0,0.0,0.0
2023-10-06 00:00:00+09:00,0.0,0.0,0.0,0.0,0.0
2023-10-06 01:00:00+09:00,0.0,0.0,0.0,0.0,0.0
2023-10-06 02:00:00+09:00,0.0,0.0,0.0,0.0,0.0
2023-10-06 03:00:00+09:00,0.0,0.0,0.0,0.0,0.0
2023-10-06 04:00:00+09:00,0.0,0.0,0.0,0.0,0.0
2023-10-06 05:00:00+09:00,0.0,0.0,0.0,0.0,0.0
2023-10-06 06:00:00+09:00,0.0,0.0,0.0,0.0,0.0
2023-10-06 07:00:00+09:00,2.06514,0.134838,0.136228,0.320096,0.0
2023-10-06 08:00:00+09:00,7.29591,7.35599,6.35082,4.73353,2.64258
2023-10-06 09:00:00+09:00,18.8124,16.2488,16.3013,14.0932,15.2597
2023-10-06 10:00:00+09:00,28.0603,24.1162,29.9774,22.279,32.764
2023-10-06 11:00:00+09:00,47.1807,38.2907,48.3754,45.2169,52.4523
2023-10-06 12:00:00+09:00,57.7863,60.2973,65.3386,63.3932,64.146
2023-10-06 13:00:00+09:00,57.4631,62.4402,64.8389,63.982,72.384
2023-10-06 14:00:00+09:00,42.5869,52.1635,53.6601,50.4538,67.8747
2023-10-06 15:00:00+09:00,36.7847,44.9083,48.7076,46.5654,63.8792
2023-10-06 16:00:00+09:00,32.1304,36.8281,37.8946,37.7845,49.885
2023-10-06 17:00:00+09:00,18.4616,19.1811,17.0553,12.0753,30.1557
2023-10-06 18:00:00+09:00,4.88976,6.0621,3.81508,2.56259,13.7481
2023-10-06 19:00:00+09:00,2.09642,2.42296,0.0807689,0.767586,7.3384
2023-10-06 20:00:00+09:00,0.0,0.0,0.0,0.0,0.0
2023-10-06 21:00:00+09:00,0.0,0.0,0.0,0.0,0.0
2023-10-06 22:00:00+09:00,0.0,0.0,0.0,0.0,0.0
2023-10-06 23:00:00+09:00,0.0,0.0,0.0,0.0,0.0
2023-10-07 00:00:00+09:00,0.0,0.0,0.0,0.0,0.0
2023-10-07 01:00:00+09:00,0.0,0.0,0.0,0.0,0.0
2023-10-07 02:00:00+09:00,0.0,0.0,0.0,0.0,0.0
2023-10-07 03:00:00+09:00,0.0,0.0,0.0,0.0,0.0
2023-10-07 04:00:00+09:00,0.0,0.0,0.0,0.0,0.0
2023-10-07 05:00:00+09:00,0.0,0.0,0.0,0.0,0.0
2023-10-07 06:00:00+09:00,0.0,0.0,0.0,0.0,0.0
2023-10-07 07:00:00+09:00,2.77608,0.0,0.160765,1.18263,0.0
2023-10-07 08:00:00+09:00,8.33877,7.18297,7.11861,5.12738,0.0
2023-10-07 09:00:00+09:00,19.724,15.8998,15.6735,10.7866,3.17118
2023-10-07 10:00:00+09:00,28.114,24.374,26.1284,16.4223,18.0163
2023-10-07 11:00:00+09:00,49.4141,37.8725,39.6526,38.5163,31.3265
2023-10-07 12:00:00+09:00,52.4626,43.0743,48.2143,44.3526,38.4542
2023-10-07 13:00:00+09:00,61.7344,63.6469,66.7399,73.0955,50.8918
2023-10-07 14:00:00+09:00,46.2173,52.3557,55.6622,58.709,43.2595
2023-10-07 15:00:00+09:00,39.3204,46.3638,49.8921,51.8296,36.0472
2023-10-07 16:00:00+09:00,33.3852,38.2258,36.1607,39.3776,27.8105
2023-10-07 17:00:00+09:00,17.9614,19.6694,13.8803,19.0025,3.51626
2023-10-07 18:00:00+09:00,2.76679,7.41347,3.31151,2.10556,0.0
2023-10-07 19:00:00+09:00,1.1625,0.0,0.102539,2.16975,0.0
2023-10-07 20:00:00+09:00,0.0,0.0,0.0,0.0,0.0
2023-10-07 21:00:00+09:00,0.0,0.0,0.0,0.0,0.0
2023-10-07 22:00:00+09:00,0.0,0.0,0.0,0.0,0.0
2023-10-07 23:00:00+09:00,0.0,0.0,0.0,0.0,0.0
2023-10-08 00:00:00+09:00,0.0,0.0,0.0,0.0,0.0
2023-10-08 01:00:00+09:00,0.0,0.0,0.0,0.0,0.0
2023-10-08 02:00:00+09:00,0.0,0.0,0.0,0.0,0.0
2023-10-08 03:00:00+09:00,0.0,0.0,0.0,0.0,0.0
2023-10-08 04:00:00+09:00,0.0,0.0,0.0,0.0,0.0
2023-10-08 05:00:00+09:00,0.0,0.0,0.0,0.0,0.0
2023-10-08 06:00:00+09:00,0.0,0.0,0.0,0.0,0.0
2023-10-08 07:00:00+09:00,1.31709,0.0,0.0957709,0.602491,13.5511
2023-10-08 08:00:00+09:00,2.96209,2.77385,1.64714,2.82054,14.588
2023-10-08 09:00:00+09:00,13.6751,10.5367,14.106,12.8911,24.4523
2023-10-08 10:00:00+09:00,20.5501,17.633,26.8235,15.2236,38.719
2023-10-08 11:00:00+09:00,28.0357,24.719,43.2052,17.8644,51.0903
2023-10-08 12:00:00+09:00,37.1482,35.1001,46.6106,35.7747,49.8068
2023-10-08 13:00:00+09:00,45.8163,41.2339,49.1662,37.4267,60.7491
2023-10-08 14:00:00+09:00,51.4354,46.2076,48.8989,39.8251,62.9969
2023-10-08 15:00:00+09:00,42.3502,38.032,40.0017,31.2343,53.9577
2023-10-08 16:00:00+09:00,32.773,25.235,23.5408,21.895,37.7861
2023-10-08 17:00:00+09:00,15.348,13.1481,14.4188,13.4776,20.3505
2023-10-08 18:00:00+09:00,2.2903,3.31701,2.87794,2.36039,0.868246
2023-10-08 19:00:00+09:00,0.28183,0.478494,0.0731188,0.194407,0.0
2023-10-08 20:00:00+09:00,0.0,0.0,0.0,0.0,0.0
2023-10-08 21:00:00+09:00,0.0,0.0,0.0,0.0,0.0
2023-10-08 22:00:00+09:00,0.0,0.0,0.0,0.0,0.0
2023-10-08 23:00:00+09:00,0.0,0.0,0.0,0.0,0.0
2023-10-09 00:00:00+09:00,0.0,0.0,0.0,0.0,0.0
2023-10-09 01:00:00+09:00,0.0,0.0,0.0,0.0,0.0
2023-10-09 02:00:00+09:00,0.0,0.0,0.0,0.0,0.0
2023-10-09 03:00:00+09:00,0.0,0.0,0.0,0.0,0.0
2023-10-09 04:00:00+09:00,0.0,0.0,0.0,0.0,0.0
2023-10-09 05:00:00+09:00,0.0,0.0,0.0,0.0,0.0
2023-10-09 06:00:00+09:00,0.0,0.0,0.0,0.0,0.0
2023-10-09 07:00:00+09:00,1.85878,0.00219514,0.161751,0.806785,6.21044
2023-10-09 08:00:00+09:00,7.02355,6.60419,6.43326,4.04732,11.8309
2023-10-09 09:00:00+09:00,16.0335,14.9212,17.9501,12.1878,18.1253
2023-10-09 10:00:00+09:00,33.047,27.9394,33.2835,32.5228,43.5738
2023-10-09 11:00:00+09:00,42.7014,35.2004,40.8478,41.7786,54.3924
2023-10-09 12:00:00+09:00,43.4594,39.8264,44.0886,43.3214,54.5463
2023-10-09 13:00:00+09:00,56.6699,59.9622,63.9009,66.4167,60.7502
2023-10-09 14:00:00+09:00,48.2202,56.1393,60.6649,63.677,52.6183
2023-10-09 15:00:00+09:00,34.9029,40.5488,43.9946,51.552,48.5946
2023-10-09 16:00:00+09:00,22.653,22.4892,27.1478,31.1036,38.9647
2023-10-09 17:00:00+09:00,13.0431,13.2339,14.7332,13.6279,21.8833
2023-10-09 18:00:00+09:00,5.17908,6.31606,4.53702,1.82273,7.02406
2023-10-09 19:00:00+09:00,0.657592,1.87743,0.0839132,0.0,0.0
2023-10-09 20:00:00+09:00,0.0,0.0,0.0,0.0,0.0
2023-10-09 21:00:00+09:00,0.0,0.0,0.0,0.0,0.0
2023-10-09 22:00:00+09:00,0.0,0.0,0.0,0.0,0.0
2023-10-09 23:00:00+09:00,0.0,0.0,0.0,0.0,0.0
2023-10-10 00:00:00+09:00,0.0,0.0,0.0,0.0,0.0
2023-10-10 01:00:00+09:00,0.0,0.0,0.0,0.0,0.0
2023-10-10 02:00:00+09:00,0.0,0.0,0.0,0.0,0.0
2023-10-10 03:00:00+09:00,0.0,0.0,0.0,0.0,0.0
2023-10-10 04:00:00+09:00,0.0,0.0,0.0,0.0,0.0
2023-10-10 05:00:00+09:00,0.0,0.0,0.0,0.0,0.0
2023-10-10 06:00:00+09:00,0.0,0.0,0.0,0.0,0.0
2023-10-10 07:00:00+09:00,1.63117,5.73437,0.198152,2.45477,8.87218
2023-10-10 08:00:00+09:00,12.9113,18.3057,12.5461,16.4172,13.2141
2023-10-10 09:00:00+09:00,26.6508,32.4499,32.5134,32.1018,17.3878
2023-10-10 10:00:00+09:00,57.5801,58.6397,55.3664,54.5652,48.8
2023-10-10 11:00:00+09:00,66.9626,70.0469,69.9568,68.3865,63.9475
2023-10-10 12:00:00+09:00,75.8204,79.3515,75.5904,80.7262,74.0046
2023-10-10 13:00:00+09:00,73.7167,77.5895,70.2918,78.9729,62.4707
2023-10-10 14:00:00+09:00,68.5843,74.3006,63.6121,71.4068,72.6981
2023-10-10 15:00:00+09:00,51.1656,55.9748,49.9454,54.8886,55.0403
2023-10-10 16:00:00+09:00,33.543,38.3214,37.7913,41.8782,27.5174
2023-10-10 17:00:00+09:00,19.5166,23.114,22.8515,20.4428,15.7474
2023-10-10 18:00:00+09:00,3.11562,7.7834,6.16907,3.94992,2.26243
2023-10-10 19:00:00+09:00,0.893368,2.18202,0.0993128,0.0,0.0
2023-10-10 20:00:00+09:00,0.0,0.0,0.0,0.0,0.0
2023-10-10 21:00:00+09:00,0.0,0.0,0.0,0.0,0.0
2023-10-10 22:00:00+09:00,0.0,0.0,0.0,0.0,0.0
2023-10-10 23:00:00+09:00,0.0,0.0,0.0,0.0,0.0
2023-10-11 00:00:00+09:00,0.0,0.0,0.0,0.0,0.0
2023-10-11 01:00:00+09:00,0.0,0.0,0.0,0.0,0.0
2023-10-11 02:00:00+09:00,0.0,0.0,0.0,0.0,0.0
2023-10-11 03:00:00+09:00,0.0,0.0,0.0,0.0,0.0
2023-10-11 04:00:00+09:00,0.0,0.0,0.0,0.0,0.0
2023-10-11 05:00:00+09:00,0.0,0.0,0.0,0.0,0.0
2023-10-11 06:00:00+09:00,0.0,0.0,0.0,0.0,0.0
2023-10-11 07:00:00+09:00,2.33485,4.40918,0.17675,0.517089,5.78792
2023-10-11 08:00:00+09:00,11.3531,18.3081,13.7936,12.0668,11.2143
2023-10-11 09:00:00+09:00,31.9247,33.8222,38.3081,34.711,23.9386
2023-10-11 10:00:00+09:00,58.3083,56.9298,62.6465,52.4382,53.3869
2023-10-11 11:00:00+09:00,67.2399,70.2363,74.5805,68.1449,62.5728
2023-10-11 12:00:00+09:00,76.1829,76.9111,79.465,78.9805,76.4376
2023-10-11 13:00:00+09:00,77.8255,75.7713,76.3652,74.9638,74.5949
2023-10-11 14:00:00+09:00,73.0533,75.5181,75.8616,74.35,72.4002
2023-10-11 15:00:00+09:00,61.102,60.6773,59.5867,55.8933,53.4382
2023-10-11 16:00:00+09:00,40.8334,42.6536,42.6843,36.8841,35.5648
2023-10-11 17:00:00+09:00,27.7475,31.7368,29.5064,21.7734,25.0723
2023-10-11 18:00:00+09:00,3.91612,9.22594,7.30682,4.49768,10.2149
2023-10-11 19:00:00+09:00,1.37554,2.67574,0.0857271,0.0,5.91685
2023-10-11 20:00:00+09:00,0.0,0.0,0.0,0.0,0.0
2023-10-11 21:00:00+09:00,0.0,0.0,0.0,0.0,0.0
2023-10-11 22:00:00+09:00,0.0,0.0,0.0,0.0,0.0
2023-10-11 23:00:00+09:00,0.0,0.0,0.0,0.0,0.0
2023-10-12 00:00:00+09:00,0.0,0.0,0.0,0.0,0.0
2023-10-12 01:00:00+09:00,0.0,0.0,0.0,0.0,0.0
2023-10-12 02:00:00+09:00,0.0,0.0,0.0,0.0,0.0
2023-10-12 03:00:00+09:00,0.0,0.0,0.0,0.0,0.0
2023-10-12 04:00:00+09:00,0.0,0.0,0.0,0.0,0.0
2023-10-12 05:00:00+09:00,0.0,0.0,0.0,0.0,0.0
2023-10-12 06:00:00+09:00,0.0,0.0,0.0,0.0,0.0
2023-10-12 07:00:00+09:00,2.32867,2.78781,0.137242,0.416814,5.61573
2023-10-12 08:00:00+09:00,8.02827,13.1827,7.47472,6.51304,13.959
2023-10-12 09:00:00+09:00,22.3354,23.8763,21.7064,13.9853,27.2634
2023-10-12 10:00:00+09:00,40.4408,40.9959,43.6913,35.1106,32.407
2023-10-12 11:00:00+09:00,53.9309,53.74,66.5906,59.9304,54.4193
2023-10-12 12:00:00+09:00,65.9771,68.4276,71.7676,76.8866,47.0399
2023-10-12 13:00:00+09:00,63.4524,70.0869,73.7289,77.9941,55.8012
2023-10-12 14:00:00+09:00,49.1089,56.2778,64.5276,67.5083,50.2966
2023-10-12 15:00:00+09:00,44.7544,49.7691,59.5917,60.986,38.2669
2023-10-12 16:00:00+09:00,34.9572,39.3566,45.6098,45.6085,32.0765
2023-10-12 17:00:00+09:00,15.3895,19.13,22.4057,20.5574,14.9152
2023-10-12 18:00:00+09:00,3.38121,10.6674,6.60151,4.50001,7.05087
2023-10-12 19:00:00+09:00,0.981519,4.53347,0.0771111,0.0,1.63802
2023-10-12 20:00:00+09:00,0.0,0.0,0.0,0.0,0.0
2023-10-12 21:00:00+09:00,0.0,0.0,0.0,0.0,0.0
2023-10-12 22:00:00+09:00,0.0,0.0,0.0,0.0,0.0
2023-10-12 23:00:00+09:00,0.0,0.0,0.0,0.0,0.0
2023-10-13 00:00:00+09:00,0.0,0.0,0.0,0.0,0.0
2023-10-13 01:00:00+09:00,0.0,0.0,0.0,0.0,0.0
2023-10-13 02:00:00+09:00,0.0,0.0,0.0,0.0,0.0
2023-10-13 03:00:00+09:00,0.0,0.0,0.0,0.0,0.0
2023-10-13 04:00:00+09:00,0.0,0.0,0.0,0.0,0.0
2023-10-13 05:00:00+09:00,0.0,0.0,0.0,0.0,0.0
2023-10-13 06:00:00+09:00,0.0,0.0,0.0,0.0,0.0
2023-10-13 07:00:00+09:00,2.07716,0.53254,0.203737,1.38442,0.0
2023-10-13 08:00:00+09:00,9.75721,10.459,9.07716,7.37294,6.36021
2023-10-13 09:00:00+09:00,23.9479,21.1593,19.2409,19.9199,22.4684
2023-10-13 10:00:00+09:00,42.01,36.3871,36.1552,41.2532,36.7365
2023-10-13 11:00:00+09:00,59.5689,52.7572,62.7905,52.4432,48.6949
2023-10-13 12:00:00+09:00,60.7814,56.1116,67.7552,63.9718,39.1278
2023-10-13 13:00:00+09:00,58.5554,58.5246,65.5914,68.301,43.1803
2023-10-13 14:00:00+09:00,46.3397,46.7177,53.8057,54.7696,31.5501
2023-10-13 15:00:00+09:00,37.5735,40.508,47.0634,50.6075,29.501
2023-10-13 16:00:00+09:00,31.2754,32.8328,36.1422,41.3546,26.0431
2023-10-13 17:00:00+09:00,14.0615,14.338,15.677,18.9184,0.0
2023-10-13 18:00:00+09:00,6.28532,7.22787,4.74053,5.90435,0.0
2023-10-13 19:00:00+09:00,3.53053,2.1417,0.0965194,0.962453,0.0
2023-10-13 20:00:00+09:00,0.0,0.0,0.0,0.0,0.0
2023-10-13 21:00:00+09:00,0.0,0.0,0.0,0.0,0.0
2023-10-13 22:00:00+09:00,0.0,0.0,0.0,0.0,0.0
2023-10-13 23:00:00+09:00,0.0,0.0,0.0,0.0,0.0
2023-10-14 00:00:00+09:00,0.0,0.0,0.0,0.0,0.0
2023-10-14 01:00:00+09:00,0.0,0.0,0.0,0.0,0.0
2023-10-14 02:00:00+09:00,0.0,0.0,0.0,0.0,0.0
2023-10-14 03:00:00+09:00,0.0,0.0,0.0,0.0,0.0
2023-10-14 04:00:00+09:00,0.0,0.0,0.0,0.0,0.0
2023-10-14 05:00:00+09:00,0.0,0.0,0.0,0.0,0.0
2023-10-14 06:00:00+09:00,0.0,0.0,0.0,0.0,0.0
2023-10-14 07:00:00+09:00,3.94967,2.13258,0.21491,0.205583,0.0
2023-10-14 08:00:00+09:00,10.4419,15.1128,12.027,8.65273,3.95613
2023-10-14 09:00:00+09:00,24.7252,24.6945,34.7983,28.6328,26.0092
2023-10-14 10:00:00+09:00,50.2722,46.1627,51.5127,44.3536,55.3333
2023-10-14 11:00:00+09:00,59.2569,58.0423,58.9813,59.7386,67.6015
2023-10-14 12:00:00+09:00,63.889,63.5166,62.1357,62.4002,77.2981
2023-10-14 13:00:00+09:00,67.4954,67.3733,60.8843,65.409,75.8067
2023-10-14 14:00:00+09:00,61.6678,61.8435,52.1866,55.4639,55.4252
2023-10-14 15:00:00+09:00,47.1052,46.5656,45.614,39.1639,42.5821
2023-10-14 16:00:00+09:00,38.6197,41.5126,36.3018,32.3814,41.446
2023-10-14 17:00:00+09:00,20.6472,24.1804,19.9985,16.3414,8.87055
2023-10-14 18:00:00+09:00,6.1843,6.14369,2.99817,2.73893,0.0
2023-10-14 19:00:00+09:00,3.23922,1.56012,0.0554067,0.0,0.0
2023-10-14 20:00:00+09:00,0.0,0.0,0.0,0.0,0.0
2023-10-14 21:00:00+09:00,0.0,0.0,0.0,0.0,0.0
2023-10-14 22:00:00+09:00,0.0,0.0,0.0,0.0,0.0
2023-10-14 23:00:00+09:00,0.0,0.0,0.0,0.0,0.0
2023-10-15 00:00:00+09:00,0.0,0.0,0.0,0.0,0.0
2023-10-15 01:00:00+09:00,0.0,0.0,0.0,0.0,0.0
2023-10-15 02:00:00+09:00,0.0,0.0,0.0,0.0,0.0
2023-10-15 03:00:00+09:00,0.0,0.0,0.0,0.0,0.0
2023-10-15 04:00:00+09:00,0.0,0.0,0.0,0.0,0.0
2023-10-15 05:00:00+09:00,0.0,0.0,0.0,0.0,0.0
2023-10-15 06:00:00+09:00,0.0,0.0,0.0,0.0,0.0
2023-10-15 07:00:00+09:00,3.96534,8.00287,0.485221,0.404324,0.0
2023-10-15 08:00:00+09:00,10.4227,16.1834,11.574,8.72793,0.0
2023-10-15 09:00:00+09:00,30.3975,30.0561,29.6188,26.1437,22.0034
2023-10-15 10:00:00+09:00,44.7997,45.118,44.0617,42.4222,37.1116
2023-10-15 11:00:00+09:00,57.8762,59.3476,52.5556,55.5518,51.8007
2023-10-15 12:00:00+09:00,60.4846,63.2077,52.5277,58.58,57.0589
2023-10-15 13:00:00+09:00,61.0122,66.6243,52.7246,64.0328,63.2603
2023-10-15 14:00:00+09:00,62.4748,63.3071,49.9163,63.1707,56.2874
2023-10-15 15:00:00+09:00,51.3055,51.1993,41.5603,53.442,42.057
2023-10-15 16:00:00+09:00,39.6191,35.2804,28.9705,38.9416,27.9613
2023-10-15 17:00:00+09:00,25.0788,27.29,18.6852,21.0349,17.1041
2023-10-15 18:00:00+09:00,6.72957,8.27595,4.32712,3.32275,3.47423
2023-10-15 19:00:00+09:00,3.85313,2.50688,0.0661489,0.0,0.0893317
2023-10-15 20:00:00+09:00,0.0,0.0,0.0,0.0,0.0
2023-10-15 21:00:00+09:00,0.0,0.0,0.0,0.0,0.0
2023-10-15 22:00:00+09:00,0.0,0.0,0.0,0.0,0.0
2023-10-15 23:00:00+09:00,0.0,0.0,0.0,0.0,0.0
2023-10-16 00:00:00+09:00,0.0,0.0,0.0,0.0,0.0
2023-10-16 01:00:00+09:00,0.0,0.0,0.0,0.0,0.0
2023-10-16 02:00:00+09:00,0.0,0.0,0.0,0.0,0.0
2023-10-16 03:00:00+09:00,0.0,0.0,0.0,0.0,0.0
2023-10-16 04:00:00+09:00,0.0,0.0,0.0,0.0,0.0
2023-10-16 05:00:00+09:00,0.0,0.0,0.0,0.0,0.0
2023-10-16 06:00:00+09:00,0.0,0.0,0.0,0.0,0.0
2023-10-16 07:00:00+09:00,3.17864,9.51477,0.989945,1.25683,8.13404
2023-10-16 08:00:00+09:00,12.0376,21.7335,14.8185,10.202,15.4335
2023-10-16 09:00:00+09:00,33.5431,38.8882,37.6103,30.2194,25.0022
2023-10-16 10:00:00+09:00,55.2215,56.4538,54.3738,52.4154,27.4024
2023-10-16 11:00:00+09:00,71.7664,70.3646,67.1653,67.6052,53.3033
2023-10-16 12:00:00+09:00,77.9749,77.0686,71.7219,78.3447,67.4982
2023-10-16 13:00:00+09:00,77.8889,78.6272,70.924,81.1783,53.9896
2023-10-16 14:00:00+09:00,71.5429,71.7807,61.7174,72.9758,62.8852
2023-10-16 15:00:00+09:00,60.7976,58.7786,49.4387,53.7239,43.514
2023-10-16 16:00:00+09:00,44.5636,40.9632,32.6703,33.5891,37.7354
2023-10-16 17:00:00+09:00,28.4019,30.8923,22.0337,19.5711,20.5639
2023-10-16 18:00:00+09:00,6.88119,10.0103,5.03259,3.64949,1.4556
2023-10-16 19:00:00+09:00,4.39478,3.4781,0.0733229,0.0848831,0.0
2023-10-16 20:00:00+09:00,0.0,0.0,0.0,0.0,0.0
2023-10-16 21:00:00+09:00,0.0,0.0,0.0,0.0,0.0
2023-10-16 22:00:00+09:00,0.0,0.0,0.0,0.0,0.0
2023-10-16 23:00:00+09:00,0.0,0.0,0.0,0.0,0.0
2023-10-17 00:00:00+09:00,0.0,0.0,0.0,0.0,0.0
2023-10-17 01:00:00+09:00,0.0,0.0,0.0,0.0,0.0
2023-10-17 02:00:00+09:00,0.0,0.0,0.0,0.0,0.0
2023-10-17 03:00:00+09:00,0.0,0.0,0.0,0.0,0.0
2023-10-17 04:00:00+09:00,0.0,0.0,0.0,0.0,0.0
2023-10-17 05:00:00+09:00,0.0,0.0,0.0,0.0,0.0
2023-10-17 06:00:00+09:00,0.0,0.0,0.0,0.0,0.0
2023-10-17 07:00:00+09:00,2.87535,12.3211,1.39183,2.32189,0.0
2023-10-17 08:00:00+09:00,11.3786,22.3499,14.5175,11.9211,0.0
2023-10-17 09:00:00+09:00,31.187,40.3719,40.0739,33.4447,17.8227
2023-10-17 10:00:00+09:00,56.1504,58.1436,58.0054,54.0611,32.1757
2023-10-17 11:00:00+09:00,72.4405,72.718,70.7238,68.703,46.8322
2023-10-17 12:00:00+09:00,80.584,79.3054,73.7431,79.3206,55.0971
2023-10-17 13:00:00+09:00,80.7175,79.8032,70.9002,82.179,59.7898
2023-10-17 14:00:00+09:00,73.4822,72.5246,61.6381,75.2315,49.7132
2023-10-17 15:00:00+09:00,61.069,59.6766,50.5827,59.5854,36.526
2023-10-17 16:00:00+09:00,43.8201,41.1517,34.3423,36.8641,31.3399
2023-10-17 17:00:00+09:00,27.3051,31.132,23.1706,21.8174,14.0833
2023-10-17 18:00:00+09:00,4.01185,9.60031,4.92235,3.33418,0.0
2023-10-17 19:00:00+09:00,1.70699,3.13096,0.0626033,0.0,0.0
2023-10-17 20:00:00+09:00,0.0,0.0,0.0,0.0,0.0
2023-10-17 21:00:00+09:00,0.0,0.0,0.0,0.0,0.0
2023-10-17 22:00:00+09:00,0.0,0.0,0.0,0.0,0.0
2023-10-17 23:00:00+09:00,0.0,0.0,0.0,0.0,0.0
2023-10-18 00:00:00+09:00,0.0,0.0,0.0,0.0,0.0
2023-10-18 01:00:00+09:00,0.0,0.0,0.0,0.0,0.0
2023-10-18 02:00:00+09:00,0.0,0.0,0.0,0.0,0.0
2023-10-18 03:00:00+09:00,0.0,0.0,0.0,0.0,0.0
2023-10-18 04:00:00+09:00,0.0,0.0,0.0,0.0,0.0
2023-10-18 05:00:00+09:00,0.0,0.0,0.0,0.0,0.0
2023-10-18 06:00:00+09:00,0.0,0.0,0.0,0.0,0.0
2023-10-18 07:00:00+09:00,1.5986,2.05544,0.105862,0.0,0.0
2023-10-18 08:00:00+09:00,7.32646,12.0182,8.05886,5.87773,0.0
2023-10-18 09:00:00+09:00,26.9402,28.8563,30.8278,20.8348,1.36598
2023-10-18 10:00:00+09:00,53.0296,50.1651,56.4393,44.2521,16.4804
2023-10-18 11:00:00+09:00,70.5392,66.2688,65.3775,63.6,35.2332
2023-10-18 12:00:00+09:00,77.4215,73.0036,69.7467,66.3613,46.1268
2023-10-18 13:00:00+09:00,75.0252,75.291,72.4397,68.7137,60.9591
2023-10-18 14:00:00+09:00,66.6182,66.2385,67.6085,64.9239,67.5443
2023-10-18 15:00:00+09:00,52.4557,52.1458,57.0216,53.2442,65.1429
2023-10-18 16:00:00+09:00,30.9668,29.0527,35.4765,33.6326,50.8846
2023-10-18 17:00:00+09:00,17.6866,14.9634,20.1287,17.2715,32.1842
2023-10-18 18:00:00+09:00,5.65534,6.91385,4.51886,4.38953,4.54896
2023-10-18 19:00:00+09:00,1.87243,1.29434,0.051117,0.736569,2.6271
2023-10-18 20:00:00+09:00,0.0,0.0,0.0,0.0,0.0
2023-10-18 21:00:00+09:00,0.0,0.0,0.0,0.0,0.0
2023-10-18 22:00:00+09:00,0.0,0.0,0.0,0.0,0.0
2023-10-18 23:00:00+09:00,0.0,0.0,0.0,0.0,0.0
2023-10-19 00:00:00+09:00,0.0,0.0,0.0,0.0,0.0
2023-10-19 01:00:00+09:00,0.0,0.0,0.0,0.0,0.0
2023-10-19 02:00:00+09:00,0.0,0.0,0.0,0.0,0.0
2023-10-19 03:00:00+09:00,0.0,0.0,0.0,0.0,0.0
2023-10-19 04:00:00+09:00,0.0,0.0,0.0,0.0,0.0
2023-10-19 05:00:00+09:00,0.0,0.0,0.0,0.0,0.0
2023-10-19 06:00:00+09:00,0.0,0.0,0.0,0.0,0.0
2023-10-19 07:00:00+09:00,2.05404,2.21869,0.143492,0.360158,4.35311
2023-10-19 08:00:00+09:00,7.42938,9.32287,5.83899,4.47713,18.413
2023-10-19 09:00:00+09:00,22.2279,21.4828,21.798,12.6403,35.1395
2023-10-19 10:00:00+09:00,32.6126,30.8931,35.4325,28.6442,56.6165
2023-10-19 11:00:00+09:00,44.2217,43.0788,52.4462,41.622,68.5238
2023-10-19 12:00:00+09:00,44.6968,43.4364,53.6848,45.0646,78.7271
2023-10-19 13:00:00+09:00,41.9424,43.6081,52.5392,41.4141,78.2564
2023-10-19 14:00:00+09:00,45.0949,41.7069,48.5547,40.2335,76.4022
2023-10-19 15:00:00+09:00,37.4114,36.0005,41.0083,33.8696,68.1383
2023-10-19 16:00:00+09:00,19.7304,16.9631,25.357,28.2121,54.2817
2023-10-19 17:00:00+09:00,13.5207,10.6394,14.1016,13.1639,32.4935
2023-10-19 18:00:00+09:00,4.62831,4.6711,0.35135,2.24566,30.1379
2023-10-19 19:00:00+09:00,2.49756,0.538097,0.0415556,0.0,31.2518
2023-10-19 20:00:00+09:00,0.0,0.0,0.0,0.0,0.0
2023-10-19 21:00:00+09:00,0.0,0.0,0.0,0.0,0.0
2023-10-19 22:00:00+09:00,0.0,0.0,0.0,0.0,0.0
2023-10-19 23:00:00+09:00,0.0,0.0,0.0,0.0,0.0
2023-10-20 00:00:00+09:00,0.0,0.0,0.0,0.0,0.0
2023-10-20 01:00:00+09:00,0.0,0.0,0.0,0.0,0.0
2023-10-20 02:00:00+09:00,0.0,0.0,0.0,0.0,0.0
2023-10-20 03:00:00+09:00,0.0,0.0,0.0,0.0,0.0
2023-10-20 04:00:00+09:00,0.0,0.0,0.0,0.0,0.0
2023-10-20 05:00:00+09:00,0.0,0.0,0.0,0.0,0.0
2023-10-20 06:00:00+09:00,0.0,0.0,0.0,0.0,0.0
2023-10-20 07:00:00+09:00,1.15456,0.0,0.135038,0.0,8.22716
2023-10-20 08:00:00+09:00,6.64484,8.59656,9.33537,8.22547,15.3129
2023-10-20 09:00:00+09:00,25.0493,25.7317,30.6524,20.7616,38.3023
2023-10-20 10:00:00+09:00,52.2399,55.4025,53.4208,43.995,64.8874
2023-10-20 11:00:00+09:00,67.5532,67.7166,66.6192,62.0952,80.8676
2023-10-20 12:00:00+09:00,74.1844,71.2479,69.3908,71.8762,90.6122
2023-10-20 13:00:00+09:00,73.1582,71.7429,68.2057,73.6487,89.5891
2023-10-20 14:00:00+09:00,66.2534,66.3579,59.9923,63.4653,79.3344
2023-10-20 15:00:00+09:00,55.0214,54.5878,46.6415,46.8363,66.1673
2023-10-20 16:00:00+09:00,34.2218,38.3319,29.2931,30.8267,50.1207
2023-10-20 17:00:00+09:00,22.368,17.1345,11.8881,13.9585,30.0929
2023-10-20 18:00:00+09:00,3.20305,8.36454,3.44041,2.2724,8.1504
2023-10-20 19:00:00+09:00,1.50901,1.42554,0.052863,0.0,4.07496
2023-10-20 20:00:00+09:00,0.0,0.0,0.0,0.0,0.0
2023-10-20 21:00:00+09:00,0.0,0.0,0.0,0.0,0.0
2023-10-20 22:00:00+09:00,0.0,0.0,0.0,0.0,0.0
2023-10-20 23:00:00+09:00,0.0,0.0,0.0,0.0,0.0
2023-10-21 00:00:00+09:00,0.0,0.0,0.0,0.0,0.0
2023-10-21 01:00:00+09:00,0.0,0.0,0.0,0.0,0.0
2023-10-21 02:00:00+09:00,0.0,0.0,0.0,0.0,0.0
2023-10-21 03:00:00+09:00,0.0,0.0,0.0,0.0,0.0
2023-10-21 04:00:00+09:00,0.0,0.0,0.0,0.0,0.0
2023-10-21 05:00:00+09:00,0.0,0.0,0.0,0.0,0.0
2023-10-21 06:00:00+09:00,0.0,0.0,0.0,0.0,0.0
2023-10-21 07:00:00+09:00,2.11121,8.38515,0.618364,0.0,0.0
2023-10-21 08:00:00+09:00,12.5268,23.8527,21.2795,8.55332,1.16838
2023-10-21 09:00:00+09:00,27.1181,35.8652,46.082,27.6535,26.3771
2023-10-21 10:00:00+09:00,43.0317,48.1697,53.4776,45.7266,50.2034
2023-10-21 11:00:00+09:00,53.4687,57.3924,56.9121,58.6239,68.3841
2023-10-21 12:00:00+09:00,59.2348,63.4651,59.1655,69.5975,79.2421
2023-10-21 13:00:00+09:00,58.6407,62.6418,56.4171,69.2899,80.0579
2023-10-21 14:00:00+09:00,55.0009,55.8039,50.4992,59.3255,71.895
2023-10-21 15:00:00+09:00,45.7344,46.3374,41.2692,43.9616,59.258
2023-10-21 16:00:00+09:00,34.6807,33.931,35.0954,34.3646,43.1914
2023-10-21 17:00:00+09:00,19.5997,15.7189,15.0106,18.2185,27.7441
2023-10-21 18:00:00+09:00,3.53598,8.39594,3.74995,3.39525,6.13148
2023-10-21 19:00:00+09:00,2.2496,2.21352,0.0529672,0.12574,0.0
2023-10-21 20:00:00+09:00,0.0,0.0,0.0,0.0,0.0
2023-10-21 21:00:00+09:00,0.0,0.0,0.0,0.0,0.0
2023-10-21 22:00:00+09:00,0.0,0.0,0.0,0.0,0.0
2023-10-21 23:00:00+09:00,0.0,0.0,0.0,0.0,0.0
2023-10-22 00:00:00+09:00,0.0,0.0,0.0,0.0,0.0
2023-10-22 01:00:00+09:00,0.0,0.0,0.0,0.0,0.0
2023-10-22 02:00:00+09:00,0.0,0.0,0.0,0.0,0.0
2023-10-22 03:00:00+09:00,0.0,0.0,0.0,0.0,0.0
2023-10-22 04:00:00+09:00,0.0,0.0,0.0,0.0,0.0
2023-10-22 05:00:00+09:00,0.0,0.0,0.0,0.0,0.0
2023-10-22 06:00:00+09:00,0.0,0.0,0.0,0.0,0.0
2023-10-22 07:00:00+09:00,0.896885,2.01958,0.155483,0.285862,7.32572
2023-10-22 08:00:00+09:00,8.09505,9.8463,7.798,6.17948,15.9011
2023-10-22 09:00:00+09:00,22.1502,19.4574,23.4907,17.2716,39.6108
2023-10-22 10:00:00+09:00,28.6846,25.733,34.3378,21.3337,61.1605
2023-10-22 11:00:00+09:00,46.8068,40.3137,49.4906,46.1576,72.4348
2023-10-22 12:00:00+09:00,56.6986,59.7073,60.6429,76.0684,82.7856
2023-10-22 13:00:00+09:00,59.7822,64.7586,67.6641,78.9919,87.1067
2023-10-22 14:00:00+09:00,56.5358,61.181,66.5444,71.6877,73.0841
2023-10-22 15:00:00+09:00,47.5746,48.5028,55.8488,60.8998,63.5417
2023-10-22 16:00:00+09:00,31.0896,32.0823,37.3534,42.4413,50.7878
2023-10-22 17:00:00+09:00,14.0268,14.5765,15.473,20.2577,34.9168
2023-10-22 18:00:00+09:00,3.41729,7.36997,3.42443,5.74399,11.5891
2023-10-22 19:00:00+09:00,1.74821,2.35073,0.0642905,0.0,7.73983
2023-10-22 20:00:00+09:00,0.0,0.0,0.0,0.0,0.0
2023-10-22 21:00:00+09:00,0.0,0.0,0.0,0.0,0.0
2023-10-22 22:00:00+09:00,0.0,0.0,0.0,0.0,0.0
2023-10-22 23:00:00+09:00,0.0,0.0,0.0,0.0,0.0
2023-10-23 00:00:00+09:00,0.0,0.0,0.0,0.0,0.0
2023-10-23 01:00:00+09:00,0.0,0.0,0.0,0.0,0.0
2023-10-23 02:00:00+09:00,0.0,0.0,0.0,0.0,0.0
2023-10-23 03:00:00+09:00,0.0,0.0,0.0,0.0,0.0
2023-10-23 04:00:00+09:00,0.0,0.0,0.0,0.0,0.0
2023-10-23 05:00:00+09:00,0.0,0.0,0.0,0.0,0.0
2023-10-23 06:00:00+09:00,0.0,0.0,0.0,0.0,0.0
2023-10-23 07:00:00+09:00,1.8437,3.0129,0.120288,0.0,0.0
2023-10-23 08:00:00+09:00,9.5216,13.1933,7.81943,5.13342,8.52792
2023-10-23 09:00:00+09:00,31.6414,29.8718,32.1605,30.1617,34.5418
2023-10-23 10:00:00+09:00,52.3118,48.4202,54.6054,46.8697,57.3693
2023-10-23 11:00:00+09:00,67.2095,64.3623,66.7766,66.6562,74.3833
2023-10-23 12:00:00+09:00,77.4855,72.244,72.1804,74.3656,72.4823
2023-10-23 13:00:00+09:00,77.9144,74.6747,73.0602,75.1113,78.2471
2023-10-23 14:00:00+09:00,73.1221,69.2057,67.0435,68.2358,72.4734
2023-10-23 15:00:00+09:00,60.5677,56.9794,55.0862,54.0535,55.1672
2023-10-23 16:00:00+09:00,41.4501,39.0811,39.114,32.6689,41.9778
2023-10-23 17:00:00+09:00,16.9081,17.1042,17.6277,11.519,27.7911
2023-10-23 18:00:00+09:00,3.5723,7.60398,4.39646,1.68354,4.34718
2023-10-23 19:00:00+09:00,2.05397,1.39209,0.0398192,0.0,0.0
2023-10-23 20:00:00+09:00,0.0,0.0,0.0,0.0,0.0
2023-10-23 21:00:00+09:00,0.0,0.0,0.0,0.0,0.0
2023-10-23 22:00:00+09:00,0.0,0.0,0.0,0.0,0.0
2023-10-23 23:00:00+09:00,0.0,0.0,0.0,0.0,0.0
2023-10-24 00:00:00+09:00,0.0,0.0,0.0,0.0,0.0
2023-10-24 01:00:00+09:00,0.0,0.0,0.0,0.0,0.0
2023-10-24 02:00:00+09:00,0.0,0.0,0.0,0.0,0.0
2023-10-24 03:00:00+09:00,0.0,0.0,0.0,0.0,0.0
2023-10-24 04:00:00+09:00,0.0,0.0,0.0,0.0,0.0
2023-10-24 05:00:00+09:00,0.0,0.0,0.0,0.0,0.0
2023-10-24 06:00:00+09:00,0.0,0.0,0.0,0.0,0.0
2023-10-24 07:00:00+09:00,1.64229,0.0,0.100969,0.516706,0.0
2023-10-24 08:00:00+09:00,5.22587,3.91026,1.60164,2.62105,13.9726
2023-10-24 09:00:00+09:00,18.7246,15.7975,15.2242,9.95791,35.3661
2023-10-24 10:00:00+09:00,36.6701,38.2306,42.4514,39.3729,53.2449
2023-10-24 11:00:00+09:00,58.9019,52.1134,69.9784,49.9869,74.3323
2023-10-24 12:00:00+09:00,64.9959,59.8461,71.9406,65.0917,59.6877
2023-10-24 13:00:00+09:00,72.4657,68.7692,74.3275,68.8137,59.6036
2023-10-24 14:00:00+09:00,65.0231,62.9384,71.3283,60.9148,50.0764
2023-10-24 15:00:00+09:00,52.2427,51.345,59.2725,46.2061,24.6738
2023-10-24 16:00:00+09:00,36.822,36.4634,40.9852,32.259,23.4131
2023-10-24 17:00:00+09:00,18.7517,16.2721,17.9153,12.6378,18.794
2023-10-24 18:00:00+09:00,5.9022,7.49826,3.81902,2.11899,0.0
2023-10-24 19:00:00+09:00,1.69235,1.27365,0.035567,0.44576,0.0
2023-10-24 20:00:00+09:00,0.0,0.0,0.0,0.0,0.0
2023-10-24 21:00:00+09:00,0.0,0.0,0.0,0.0,0.0
2023-10-24 22:00:00+09:00,0.0,0.0,0.0,0.0,0.0
2023-10-24 23:00:00+09:00,0.0,0.0,0.0,0.0,0.0
2023-10-25 00:00:00+09:00,0.0,0.0,0.0,0.0,0.0
2023-10-25 01:00:00+09:00,0.0,0.0,0.0,0.0,0.0
2023-10-25 02:00:00+09:00,0.0,0.0,0.0,0.0,0.0
2023-10-25 03:00:00+09:00,0.0,0.0,0.0,0.0,0.0
2023-10-25 04:00:00+09:00,0.0,0.0,0.0,0.0,0.0
2023-10-25 05:00:00+09:00,0.0,0.0,0.0,0.0,0.0
2023-10-25 06:00:00+09:00,0.0,0.0,0.0,0.0,0.0
2023-10-25 07:00:00+09:00,2.118,3.69293,0.095401,0.0,0.0
2023-10-25 08:00:00+09:00,6.89511,13.0013,6.82162,2.80157,4.78942
2023-10-25 09:00:00+09:00,26.4287,28.0424,29.6217,23.4455,27.5191
2023-10-25 10:00:00+09:00,44.7965,44.2252,51.3404,41.929,46.4499
2023-10-25 11:00:00+09:00,62.7626,58.2193,61.1897,53.8886,65.5849
2023-10-25 12:00:00+09:00,70.0353,65.4017,63.3606,68.4275,61.9546
2023-10-25 13:00:00+09:00,69.056,67.5769,62.7503,69.1343,66.9477
2023-10-25 14:00:00+09:00,57.3659,55.1921,49.3549,53.1297,46.2856
2023-10-25 15:00:00+09:00,52.097,48.4291,42.3692,47.5009,25.0774
2023-10-25 16:00:00+09:00,33.4179,31.0826,27.3748,27.3573,21.857
2023-10-25 17:00:00+09:00,15.6346,11.1981,10.3264,9.42855,15.0436
2023-10-25 18:00:00+09:00,5.21648,4.12107,0.641115,1.03503,0.0
2023-10-25 19:00:00+09:00,3.64462,0.0,0.0214992,0.0,0.0
2023-10-25 20:00:00+09:00,0.0,0.0,0.0,0.0,0.0
2023-10-25 21:00:00+09:00,0.0,0.0,0.0,0.0,0.0
2023-10-25 22:00:00+09:00,0.0,0.0,0.0,0.0,0.0
2023-10-25 23:00:00+09:00,0.0,0.0,0.0,0.0,0.0
2023-10-26 00:00:00+09:00,0.0,0.0,0.0,0.0,0.0
2023-10-26 01:00:00+09:00,0.0,0.0,0.0,0.0,0.0
2023-10-26 02:00:00+09:00,0.0,0.0,0.0,0.0,0.0
2023-10-26 03:00:00+09:00,0.0,0.0,0.0,0.0,0.0
2023-10-26 04:00:00+09:00,0.0,0.0,0.0,0.0,0.0
2023-10-26 05:00:00+09:00,0.0,0.0,0.0,0.0,0.0
2023-10-26 06:00:00+09:00,0.0,0.0,0.0,0.0,0.0
2023-10-26 07:00:00+09:00,1.53737,0.380096,0.144353,0.833655,0.0
2023-10-26 08:00:00+09:00,3.49394,2.7956,2.20244,2.02052,4.7516
2023-10-26 09:00:00+09:00,11.0499,5.90194,10.2572,7.48887,26.4786
2023-10-26 10:00:00+09:00,27.549,21.2538,26.5587,30.6917,47.8096
2023-10-26 11:00:00+09:00,50.0948,44.235,43.057,55.2359,56.8455
2023-10-26 12:00:00+09:00,49.1613,46.3995,47.0498,57.8175,62.2231
2023-10-26 13:00:00+09:00,50.9784,49.6803,52.0255,57.8084,66.5728
2023-10-26 14:00:00+09:00,51.7157,46.8083,50.3747,51.4598,37.794
2023-10-26 15:00:00+09:00,41.4477,36.8946,39.6551,35.5987,38.1894
2023-10-26 16:00:00+09:00,32.0461,29.661,31.5411,25.6244,19.9209
2023-10-26 17:00:00+09:00,15.3576,11.0573,13.4358,8.68974,12.4544
2023-10-26 18:00:00+09:00,4.9251,4.39522,0.256687,1.40984,0.0
2023-10-26 19:00:00+09:00,3.47029,0.0810688,0.03276,0.0,0.0
2023-10-26 20:00:00+09:00,0.0,0.0,0.0,0.0,0.0
2023-10-26 21:00:00+09:00,0.0,0.0,0.0,0.0,0.0
2023-10-26 22:00:00+09:00,0.0,0.0,0.0,0.0,0.0
2023-10-26 23:00:00+09:00,0.0,0.0,0.0,0.0,0.0
2023-10-27 00:00:00+09:00,0.0,0.0,0.0,0.0,0.0
2023-10-27 01:00:00+09:00,0.0,0.0,0.0,0.0,0.0
2023-10-27 02:00:00+09:00,0.0,0.0,0.0,0.0,0.0
2023-10-27 03:00:00+09:00,0.0,0.0,0.0,0.0,0.0
2023-10-27 04:00:00+09:00,0.0,0.0,0.0,0.0,0.0
2023-10-27 05:00:00+09:00,0.0,0.0,0.0,0.0,0.0
2023-10-27 06:00:00+09:00,0.0,0.0,0.0,0.0,0.0
2023-10-27 07:00:00+09:00,3.86663,9.27258,0.155022,0.696701,2.16738
2023-10-27 08:00:00+09:00,9.60591,21.7412,11.7459,9.28603,7.50112
2023-10-27 09:00:00+09:00,29.2033,36.8895,31.2972,23.0659,26.853
2023-10-27 10:00:00+09:00,50.4303,53.3414,47.9031,41.8631,48.6581
2023-10-27 11:00:00+09:00,68.1776,66.4226,62.7413,60.3004,68.0908
2023-10-27 12:00:00+09:00,75.9224,73.2414,68.8083,71.2403,68.326
2023-10-27 13:00:00+09:00,75.6395,74.9958,68.6875,75.018,75.9696
2023-10-27 14:00:00+09:00,68.2707,67.9394,60.1748,64.0279,56.6199
2023-10-27 15:00:00+09:00,57.1311,55.3591,46.4742,47.1816,51.2353
2023-10-27 16:00:00+09:00,39.0181,37.1972,29.35,33.9745,37.3802
2023-10-27 17:00:00+09:00,18.0153,15.3885,12.3016,13.2244,24.4084
2023-10-27 18:00:00+09:00,4.61928,6.67235,1.29343,1.44766,7.6494
2023-10-27 19:00:00+09:00,3.33147,0.962174,0.0181948,0.0,4.00238
2023-10-27 20:00:00+09:00,0.0,0.0,0.0,0.0,0.0
2023-10-27 21:00:00+09:00,0.0,0.0,0.0,0.0,0.0
2023-10-27 22:00:00+09:00,0.0,0.0,0.0,0.0,0.0
2023-10-27 23:00:00+09:00,0.0,0.0,0.0,0.0,0.0
2023-10-28 00:00:00+09:00,0.0,0.0,0.0,0.0,0.0
2023-10-28 01:00:00+09:00,0.0,0.0,0.0,0.0,0.0
2023-10-28 02:00:00+09:00,0.0,0.0,0.0,0.0,0.0
2023-10-28 03:00:00+09:00,0.0,0.0,0.0,0.0,0.0
2023-10-28 04:00:00+09:00,0.0,0.0,0.0,0.0,0.0
2023-10-28 05:00:00+09:00,0.0,0.0,0.0,0.0,0.0
2023-10-28 06:00:00+09:00,0.0,0.0,0.0,0.0,0.0
2023-10-28 07:00:00+09:00,2.05982,2.0493,0.0919548,0.274318,7.17084
2023-10-28 08:00:00+09:00,6.3467,10.6627,6.10109,3.81159,14.0107
2023-10-28 09:00:00+09:00,27.973,27.5439,33.4884,25.8413,31.5351
2023-10-28 10:00:00+09:00,50.9064,54.3277,55.4427,51.1832,52.0802
2023-10-28 11:00:00+09:00,70.8543,70.5192,71.991,68.5667,67.454
2023-10-28 12:00:00+09:00,77.6916,76.7394,76.7673,76.1059,60.0698
2023-10-28 13:00:00+09:00,76.5527,76.7961,76.3546,77.3085,71.3147
2023-10-28 14:00:00+09:00,70.9616,68.6489,68.7671,68.1772,51.1629
2023-10-28 15:00:00+09:00,56.971,54.7121,54.2664,52.3713,45.7474
2023-10-28 16:00:00+09:00,38.1803,35.9052,34.2141,31.6942,30.7631
2023-10-28 17:00:00+09:00,18.3396,14.1194,13.549,12.0562,15.8251
2023-10-28 18:00:00+09:00,4.76512,5.81039,1.04644,0.878838,0.0
2023-10-28 19:00:00+09:00,1.91814,0.17504,0.00934392,0.0,0.0
2023-10-28 20:00:00+09:00,0.0,0.0,0.0,0.0,0.0
2023-10-28 21:00:00+09:00,0.0,0.0,0.0,0.0,0.0
2023-10-28 22:00:00+09:00,0.0,0.0,0.0,0.0,0.0
2023-10-28 23:00:00+09:00,0.0,0.0,0.0,0.0,0.0
2023-10-29 00:00:00+09:00,0.0,0.0,0.0,0.0,0.0
2023-10-29 01:00:00+09:00,0.0,0.0,0.0,0.0,0.0
2023-10-29 02:00:00+09:00,0.0,0.0,0.0,0.0,0.0
2023-10-29 03:00:00+09:00,0.0,0.0,0.0,0.0,0.0
2023-10-29 04:00:00+09:00,0.0,0.0,0.0,0.0,0.0
2023-10-29 05:00:00+09:00,0.0,0.0,0.0,0.0,0.0
2023-10-29 06:00:00+09:00,0.0,0.0,0.0,0.0,0.0
2023-10-29 07:00:00+09:00,2.05108,2.36839,0.0693133,0.233638,0.0
2023-10-29 08:00:00+09:00,5.69499,11.1271,4.76506,2.611,4.43162
2023-10-29 09:00:00+09:00,26.5068,27.0437,25.3594,19.3888,27.4386
2023-10-29 10:00:00+09:00,48.0747,45.4194,50.0899,41.7463,43.0695
2023-10-29 11:00:00+09:00,66.3495,61.2186,67.0667,55.7283,54.0718
2023-10-29 12:00:00+09:00,71.8031,68.4396,72.0694,64.1563,64.2161
2023-10-29 13:00:00+09:00,72.6406,69.5845,71.0042,65.5497,79.8094
2023-10-29 14:00:00+09:00,66.0039,62.8299,63.9754,57.9533,68.4486
2023-10-29 15:00:00+09:00,50.7997,49.9462,49.3763,42.2675,57.5807
2023-10-29 16:00:00+09:00,31.5927,31.8595,33.2226,25.2882,45.5759
2023-10-29 17:00:00+09:00,11.5755,12.6794,14.6094,12.9831,21.3195
2023-10-29 18:00:00+09:00,2.27838,4.80507,0.257084,1.46655,2.96478
2023-10-29 19:00:00+09:00,1.12424,0.391997,0.0297962,0.0,0.0
2023-10-29 20:00:00+09:00,0.0,0.0,0.0,0.0,0.0
2023-10-29 21:00:00+09:00,0.0,0.0,0.0,0.0,0.0
2023-10-29 22:00:00+09:00,0.0,0.0,0.0,0.0,0.0
2023-10-29 23:00:00+09:00,0.0,0.0,0.0,0.0,0.0
2023-10-30 00:00:00+09:00,0.0,0.0,0.0,0.0,0.0
2023-10-30 01:00:00+09:00,0.0,0.0,0.0,0.0,0.0
2023-10-30 02:00:00+09:00,0.0,0.0,0.0,0.0,0.0
2023-10-30 03:00:00+09:00,0.0,0.0,0.0,0.0,0.0
2023-10-30 04:00:00+09:00,0.0,0.0,0.0,0.0,0.0
2023-10-30 05:00:00+09:00,0.0,0.0,0.0,0.0,0.0
2023-10-30 06:00:00+09:00,0.0,0.0,0.0,0.0,0.0
2023-10-30 07:00:00+09:00,1.62458,0.464247,0.0677022,0.404233,0.0
2023-10-30 08:00:00+09:00,5.3027,8.64013,3.71548,3.60663,4.41883
2023-10-30 09:00:00+09:00,23.8779,24.4539,19.1044,16.8373,24.4506
2023-10-30 10:00:00+09:00,45.0122,42.9475,42.967,37.2057,51.1656
2023-10-30 11:00:00+09:00,61.4827,58.0453,58.9778,54.1411,58.0992
2023-10-30 12:00:00+09:00,69.1367,65.7003,64.1797,69.187,65.0619
2023-10-30 13:00:00+09:00,70.6135,69.0408,65.6763,71.0193,76.9079
2023-10-30 14:00:00+09:00,65.5684,63.2732,58.8203,61.9946,68.3905
2023-10-30 15:00:00+09:00,53.62,50.832,44.8581,47.938,62.8452
2023-10-30 16:00:00+09:00,38.3911,33.2759,30.2028,28.1854,45.4231
2023-10-30 17:00:00+09:00,14.6523,12.2292,10.5875,8.44983,19.9273
2023-10-30 18:00:00+09:00,3.13898,4.38999,0.806726,0.680655,3.41706
2023-10-30 19:00:00+09:00,2.08508,0.0,0.0139443,0.0,0.602533
2023-10-30 20:00:00+09:00,0.0,0.0,0.0,0.0,0.0
2023-10-30 21:00:00+09:00,0.0,0.0,0.0,0.0,0.0
2023-10-30 22:00:00+09:00,0.0,0.0,0.0,0.0,0.0
2023-10-30 23:00:00+09:00,0.0,0.0,0.0,0.0,0.0
2023-10-31 00:00:00+09:00,0.0,0.0,0.0,0.0,0.0
2023-10-31 01:00:00+09:00,0.0,0.0,0.0,0.0,0.0
2023-10-31 02:00:00+09:00,0.0,0.0,0.0,0.0,0.0
2023-10-31 03:00:00+09:00,0.0,0.0,0.0,0.0,0.0
2023-10-31 04:00:00+09:00,0.0,0.0,0.0,0.0,0.0
2023-10-31 05:00:00+09:00,0.0,0.0,0.0,0.0,0.0
2023-10-31 06:00:00+09:00,0.0,0.0,0.0,0.0,0.0
2023-10-31 07:00:00+09:00,1.68154,2.68552,0.0789595,0.0,0.0
2023-10-31 08:00:00+09:00,6.35257,12.4614,5.97087,3.33745,2.78775
2023-10-31 09:00:00+09:00,24.8287,25.0391,25.7467,23.4971,14.6806
2023-10-31 10:00:00+09:00,49.42,47.3369,55.2323,44.8546,47.5982
2023-10-31 11:00:00+09:00,66.157,60.1313,64.815,61.4945,50.7696
2023-10-31 12:00:00+09:00,76.2992,70.4325,72.5945,68.2606,68.0457
2023-10-31 13:00:00+09:00,73.4761,69.8421,69.4367,67.9918,58.967
2023-10-31 14:00:00+09:00,71.5427,66.3722,65.1212,63.0227,55.9524
2023-10-31 15:00:00+09:00,60.5978,53.344,53.7014,47.8749,60.7084
2023-10-31 16:00:00+09:00,39.8834,35.059,34.905,27.8368,40.3964
2023-10-31 17:00:00+09:00,15.5567,13.0257,12.192,8.34353,21.147
2023-10-31 18:00:00+09:00,3.25271,4.42715,0.715129,0.55422,3.16828
2023-10-31 19:00:00+09:00,2.2708,0.0,0.0109218,0.0,0.0
2023-10-31 20:00:00+09:00,0.0,0.0,0.0,0.0,0.0
2023-10-31 21:00:00+09:00,0.0,0.0,0.0,0.0,0.0
2023-10-31 22:00:00+09:00,0.0,0.0,0.0,0.0,0.0
2023-10-31 23:00:00+09:00,0.0,0.0,0.0,0.0,0.0
2023-11-01 00:00:00+09:00,0.0,0.0,0.0,0.0,0.0
